{"cameraMode":{"drawMode":0,"name":"Shaded","section":"Shading Mode"},"sceneLighting":false,"audioPlay":false,"sceneViewState":{"showFog":true,"showMaterialUpdate":false,"showSkybox":false,"showFlares":true,"showImageEffects":true,"showParticleSystems":true},"in2DMode":false,"pivot":{"x":0.039999961853027347,"y":-0.28000009059906008,"z":-0.24967055022716523},"rotation":{"x":0.049155496060848239,"y":-0.02487027272582054,"z":-0.0012289503356441856,"w":-0.9984947443008423},"size":8.961430549621582,"orthographic":true}