{"cameraMode":{"drawMode":0,"name":"Shaded","section":"Shading Mode"},"sceneLighting":true,"audioPlay":false,"sceneViewState":{"showFog":true,"showMaterialUpdate":false,"showSkybox":true,"showFlares":true,"showImageEffects":true,"showParticleSystems":true},"in2DMode":false,"pivot":{"x":0.039999961853027347,"y":-0.28000009059906008,"z":-0.24967055022716523},"rotation":{"x":0.029658541083335878,"y":-0.04287124425172806,"z":-0.0012777721276506782,"w":-0.9986534714698792},"size":4.561781883239746,"orthographic":true}